No,PORTNAME
1,CITTA DEL CAPO
2,RASLAFFAN
3,ADABIYAH
4,SUN NEDERLAND
5,TARIFA
6,BREC
7,PAPEETE
8,NANAO
9,POINT NOIRE
10,KYOSHU
11,NAWILIWILI
12,FORNELLS
13,FEDERICA
14,TOROS
15,TERMISA TERMINAL
16,GUANGDONG
17,GANGAVARAM
18,ISCHIA
19,JINGTANG
20,SOUTHWOLD
21,YANGJIANG
22,CABO DE FORMENTOR
23,KARABIGA
24,GRUNDARTANGI
25,GOREBAY
26,TRISTAN DA CUNHA
27,CEBU
28,HAITI
29,KAWANOE
30,BELGIO
31,ARCANGELO
32,ISLE OF GRAIN
33,BREMA
34,HONDURAS
35,BALHAF
36,IZMIT
37,ENNORE
38,GRAYS HARBOR
39,ALBATRAX
40,ILLYCHEVSK
41,WHIFFEN HEAD
42,NANSHA
43,OSPEDALE DI TREVISO
44,PORT KEY WEST
45,SANT ANTIOCO
46,NORDENHAM
47,PORTOCEL
48,SANREMO
49,CAUCEDO
50,KAMIISO
51,IN PORTO VIZAG
52,PORTO RICO
53,BATA
54,KORSAKOV
55,LULEA
56,YANGSHAN
57,PELINTUNG
58,SAMCHEOMPO
59,ANCORATI A MAHSHAHR
60,SOHAR
61,ANCORATI IN BRASILE
62,ST FLORENT
63,STYBARROW
64,PORT TAMPA
65,CASTOS
66,LESCAS
67,CAGAYAN DE ORO
68,TONDA
69,ESCOBAR
70,VOSOSTOCHNY
71,ANCORATI A SINGAPORE
72,TANGGUH
73,IN RADA SINGAPORE
74,ALGICIRAS
75,CHITA
76,VILLA SIMUS
77,KISARAZU
78,AUGHINISH
79,USWC
80,DHAMRA
81,MOROCCO
82,CABEDELO
83,RABAOUL (PNG)
84,PORTICELLO
85,NOUACHOTT
86,BANDAR IMAN KHOMEINI
87,PRIGORODNOYE
88,RUSSIA
89,CANSO
90,PULAU LAUT
91,PORT JAIGARH
92,KHOE AL ZUBAIR
93,TEL AVIV
94,BLUFF
95,LUOYUAN
96,ALESSANDRIA
97,PORTOVESME
98,QUALTH
99,YANAI
100,PUERTO BOLIVAR
101,SEKI SAKI
102,TZUGARU STRAIT
103,JINZHOU
104,PORTOBANDAR
105,DANGJIN
106,VLISSINGEN
107,QUANZHOU
108,RAS GHARIB
109,MAURA SATUI
110,BOSASO
111,KIKEH
112,ISHIGAKI
113,TRIPLE ISLAND
114,CHANG JIANG KOU
115,PORT ALMA
116,BO HAI
117,ONNE
118,SKAW
119,SHUWAIKH
120,STRAUMSVIK
121,CROFTEN
122,FUTTSU
123,LA ROMANA - SANTO DOMINGO
124,MITSURE SHIMA
125,CAPE NORTH
126,DUNGQUAT
127,FENIT ISLAND
128,MARINA DI NORI
129,ROSARITO
130,ANIVA BAY
131,ICDAS
132,TACHIBANA
133,TABANGAO
134,ST PETERSBURG-FLORIDA
135,ASTAKOS
136,TANJUNG UBAN
137,ANCORATI IN LITUANIA
138,DALIA
139,TOKIO
140,ROMA FIUMICINO
141,ZHENJIANG
142,PUERTO ROSALES
143,PUERTO PRODECO
144,MIYAKO
145,LUOYUANG
146,CHENSHAN
147,BUENAVENTURA
148,BAYWAY
149,TOPOLOBAMPO
150,LUBUK TUTUNG
151,NIHAMA
152,UST LUGA
153,NEW AMSTERDAM
154,ACCRA
155,GARYVILLE
156,BOSFORO
157,SITRAH
158,ARKHANGELSK
159,WANDOO
160,SATTAHIP
161,GREENVILLE
162,MUSKAT
163,CAPE PALMAS
164,MUSCAT
165,PANAJI
166,CARDENAS
167,LUBA
168,HUMBER
169,TAHAROA
170,HAICHANG
171,DOMINICANA REP.
172,ILICHEVSK
173,CANCUN
174,JIAXING
175,SAMSUN
176,TOBATA
177,SAINT MARTIN
178,PENARA
179,SENIPAH
180,PORTO DI LIVORNO
181,GRATI
182,GRAMERCY
183,TAKODARI
184,KUCHING
185,CROCKETT
186,KEMEN
187,CAIRO
188,SRI RACHA
189,QIN HUANG DAO
190,MURORAN
191,REGANOSA
192,LA CASTELLA
193,GARONGKONG
194,BAJO GRANDE
195,DEASAN
196,TANJUNG SULONG
197,ABU QIR
198,CALA DI VOLPE
199,SIERRA LEONE
200,DUTCH HARBOUR
201,TANGANICA LAKE
202,NGANHURRA
203,ESCARVOS TERMINAL
204,CAPE CHARLES
205,YUM KAK NADN
206,FAVIGNANA
207,PORT FOS
208,TETNEY
209,SPORE
210,S PORE
211,WEWAK
212,LA POSSESSION
213,CORINTO
214,MARMARA
215,MILFORD HAVEN
216,CIDAEN
217,YUNG AN
218,BAIE COMEAU
219,AL FAHAL
220,MURMANAK
221,MITSUKOJIMA
222,CAPE BRETON
223,ANCORATI A NHAVA SHEVA
224,ST. HELENA
225,COCKATOO ISLAND
226,OKONO
227,TURKISH STRAIGHT
228,CAPE KUMUKAHI
229,ACORES
230,VINCENT OIL FIELD
231,ANTIGUA ISLAND
232,JOSE TERMINAL
233,CAVENAS
234,NUOVA CALEDONIA
235,PUEBLA DEL CARAMINAL
236,QINZHOU
237,ZADAR
238,DADANELLI
239,GRECIA
240,KARIMATA
241,PARADEEP
242,PUERTO ANGAMOS
243,SUEZ
244,BROFJORDEN
245,COLOSO
246,PORT JOHAR
247,BONGKOT
248,AJACCIO
249,DARU
250,VAVOUTO
251,PISCO
252,LONDON
253,BITUNG
254,PECHINO
255,TANJUNG PRIOK
256,CAPE BOLINAO
257,PECEM
258,SCIACCA
259,DEVONPORT
260,PORT CASTILLA
261,ANGSI TERMINAL
262,MARLIM
263,MATRUURA
264,FRANCE
265,BENICIA
266,GUATEMALA
267,PORT LONDON
268,KIKUMA
269,KANOKAWA
270,PORT TUPPER
271,ALASKA
272,BUNKER
273,TAP SHEK KOK
274,SANTA MARIA
275,TOCOPILLA
276,TEKKAY
277,SAULT STE MARIE
278,INCHCAPE BUOY
279,PERSIAN GULF
280,KINUURA
281,RAVVA
282,KASSIM
283,CHERRY POINT
284,MUGARDOS
285,PAPENBURG
286,QINHUANGDAO (CHINA)
287,SHIMIZU
288,TAIPEI
289,ATENE
290,DAMASCO
291,LION TERMINAL
292,ANTILLE OLANDESI
293,ANCORATI A MALTA
294,KOZMINO
295,BANDAR MASHAR
296,ARICA
297,SHIONO MISAKI
298,MILOS
299,PANJANG (INDONESIA)
300,SAN FELICE CIRCEO
301,PUNTA PATACHE
302,GUANGZHOU
303,ITAGUAI
304,PULAO BUKOM
305,TSINGELI
306,ASSAB
307,LIBREVILLE
308,BANJUL
309,TEMA
310,CONAKRY
311,MOMBASA
312,BUCHANAN
313,MONROVIA
314,MARSA EL BREGA
315,TRIPOLI
316,NOUADHIBOU
317,PORT LOUIS
318,CASABLANCA
319,TAKORADI
320,KAMSAR
321,LAMU
322,BENGHAZI
323,MISURATA
324,RAS LANUF
325,TOBRUK
326,ZUEITINA
327,ANTSIRANANA
328,NOUAKCHOTT
329,PORT LUIS
330,ALGIERS
331,ARZEW
332,LUANDA
333,LOBITO
334,COTONOU
335,DOUALA
336,ST.VINCENT
337,DZAOUDZI
338,POINTE NOIRE
339,ALEXANDRIA
340,PORT SAID
341,SUEZ CANAL
342,TANGER
343,MAPUTO
344,LUDERITZ
345,LAGOS
346,POINTE DES GALETS
347,JAMESTOWN
348,SANTO ANTONIO
349,SAO TOME
350,DAKAR
351,VICTORIA
352,FREETOWN
353,MOGADISCIO
354,PORT SUDAN
355,DAR ES SALAAM
356,ZANZIBAR
357,KPEME
358,LOME
359,TUNIS
360,BOMA
361,MATADI
362,MONTREAL
363,QUEBEC
364,TORONTO
365,VANCOUVER
366,BOSTON
367,CLEVELAND
368,DETROIT
369,WALVIS BAY
370,BALTIMORE
371,CORPUS CHRISTI
372,FREEPORT
373,GALVESTON
374,HOUSTON
375,JACKSONVILLE
376,KEY WEST
377,KODIAK
378,LONG BEACH
379,LOS ANGELES
380,PORT HARCOURT
381,POINT DES GALETS
382,KAOLACK
383,PORT VICTORIA
384,PEPEL
385,KISMAYU
386,CAPE TOWN
387,DURBAN
388,EAST LONDON
389,PORT ELIZABETH
390,RICHARDS BAY
391,SALDANHA BAY
392,SUAKIN
393,BIZERTA
394,GABES
395,SFAX
396,SOUSSE
397,LA GOULETTE
398,RADES
399,BANANA
400,ARGENTIA
401,BECANCOUR
402,GRAND BANK
403,HALIFAX
404,LIVERPOOL
405,LONG POND
406,NEW WESTMINSTER
407,PORT CARTIER
408,PRINCE RUPERT
409,SAINT JOHN N.B.
410,ST. JOHN'S
411,SEVEN ISLANDS
412,SYDNEY
413,TWILLINGATE
414,YARMOUTH
415,NORTH SYDNEY
416,ALBANY
417,ANACORTES
418,BEAUMONT
419,BELLINGHAM
420,BOCA GRANDE
421,BROWNSVILLE
422,BRUNSWICK
423,PHILADELPHIA
424,HAMILTON
425,KINGSTON
426,CHICAGO
427,DULUTH
428,EVERETT
429,GULFPORT
430,HAMPTON ROADS
431,LAKE CHARLES
432,MIAMI
433,MILWAUKEE
434,MOBILE
435,MOREHEAD CITY
436,NEW BEDFORD
437,NEW ORLEANS
438,BATON ROUGE
439,NEW YORK
440,OAKLAND
441,ORANGE
442,PALM BEACH
443,PASCAGOULA
444,PENSACOLA
445,PLYMOUTH
446,ZAMBOANGA
447,PORT EVERGLADES
448,PORTLAND
449,PROVIDENCE
450,SACRAMENTO
451,SAN DIEGO
452,SAN FRANCISCO
453,SAVANNAH
454,SEATTLE
455,TAMPA
456,VALDEZ
457,ST. PIERRE
458,ST.JOHN'S
459,ANCONA
460,ARBATAX
461,AUGUSTA
462,BARI
463,BRINDISI
464,CAGLIARI
465,CATANIA
466,CIVITAVECCHIA
467,CROTONE
468,FIUMICINO
469,FOLLONICA
470,FORMIA
471,GAETA
472,GALLIPOLI
473,GELA
474,GENOVA
475,IMPERIA
476,LA MADDALENA
477,LA SPEZIA
478,LAMPEDUSA
479,LIVORNO
480,LICATA
481,LIPARI
482,MANFREDONIA
483,MARINA DI CARRARA
484,MARSALA
485,MAZARA DEL VALLO
486,NASSAU
487,BRIDGETOWN
488,BELIZE CITY
489,MESSINA
490,MILAZZO
491,MOLFETTA
492,MONFALCONE
493,MONOPOLI
494,NAPOLI
495,OLBIA
496,ORISTANO
497,ORTONA
498,OTRANTO
499,PALERMO
500,PESARO
501,PESCARA
502,PIOMBINO
503,PORTO EMPEDOCLE
504,PORTO TORRES
505,PORTOFERRAIO
506,RAVENNA
507,REGGIO CALABRIA
508,SALERNO
509,S.BENEDETTO DEL TRON
510,SAVONA
511,SIRACUSA
512,TARANTO
513,TRAPANI
514,TRIESTE
515,VENEZIA
516,ANTWERP
517,GHENT
518,LIEGE
519,OSTEND
520,ZEEBRUGGE
521,COPENHAGEN
522,EKINCIK
523,ESBJERG
524,GRENAA
525,KALUNDBORG
526,KOGE
527,MIDDELFART
528,NAKSKOV
529,ODENSE
530,RONNE
531,SKAGEN
532,ALGECIRAS
533,ALICANTE
534,ALMERIA
535,BARCELLONA
536,BILBAO
537,CARTAGENA
538,CEUTA
539,GIJON
540,HUELVA
541,MALAGA
542,PALMA DE MAIORCA
543,SEVILLE
544,PAKISTAN
545,VALENCIA
546,VIGO
547,BRISBANE
548,DAMPIER
549,FREMANTLE
550,GLADSTONE
551,MELBOURNE
552,MUARA PORT
553,GRAND TURK
554,CHRISTIANSTED (ST CROIX)
555,FREDERIKSTED /ST.CROIX)
556,ST.THOMAS (ST.THOMAS IS.)
557,TORTOLA
558,AHUS
559,GOTHENBURG
560,HELSINGBORG
561,KARLSHAMN
562,MALMO
563,NORRKOPING
564,TUAPSE
565,BAYONNE
566,GUAYAQUIL
567,PORT KEMBLA
568,PANAMA
569,TUTICORIN
570,KUWAIT
571,SIDI KERIR
572,KAOHSIUNG
573,ROTTERDAM
574,VENTSPILS
575,SUAPE
576,SINGAPORE
577,KASHIMA
578,BALBOA
579,PORT HEDLAND
580,BUSHIRE
581,WARRI
582,SWINOUJSCIE
583,SAO SEBASTIAO
584,NANTES
585,HONOLULU
586,PONTA DELGADA
587,ANZIO
588,HODEIDAH
589,CHIBA
590,CADIZ
591,AIN SUKHNA
592,DJENO
593,FORCADOS TERMINAL
594,MOSTAGANEM
595,STANLEY
596,KARACHI
597,IMMINGHAM
598,FELIXSTOWE
599,OITA
600,VADO LIGURE
601,ANNABA
602,BETHIOUA
603,BEJAIA
604,BENI SAF
605,CHERCHELL
606,DELLYS
607,GHAZAOUET
608,JIJEL
609,ORAN
610,SKIKDA
611,TENES
612,CABINDA
613,FUTILA TERMINAL
614,LOMBO TERMINAL
615,MALONGO TERMINAL
616,NAMIBE
617,PALANCA TERMINAL
618,SOYO-KWANDA
619,TAKULA TERMINAL
620,SEME TERMINAL
621,BONABERI
622,GAROUA
623,KOLE TERMINAL
624,KRIBI
625,LIMBE
626,TIKO
627,LIMBOH TERMINAL
628,MOUDI TERMINAL
629,PORTO PRAIA
630,SAL ISLAND
631,JAKARTA
632,PENANG
633,GALLE
634,BELEM
635,PERAMA (KALAMATA)
636,KALAMATA
637,BRIXHAM
638,DOHA
639,KOPERVIK
640,ISTANBUL
641,MARSA BASHAYER
642,ILHEUS
643,LATTAKIA
644,DUBAI
645,FUKUYAMA
646,KOBE
647,EILAT
648,BAR
649,FOS
650,NAVLAKHI
651,TALBOT
652,COLOMBO
653,PORT TALBOT
654,PORT GENTIL
655,PORT OF SPAIN
656,MARSAXLOKK
657,SANTOS
658,YAMBU
659,CRISTOBAL
660,PRAIA MOLE
661,NATAL
662,NEWCASTLE (AUS)
663,APRA
664,BONNY
665,VALPARAISO
666,LISBONA
667,BUNBURY
668,ABU DHABI
669,SAN JUAN
670,CHIOGGIA
671,CALVI
672,INCHON
673,FORTALEZA
674,MANILA
675,ADEN
676,LA SKHIRA
677,VALLETTA
678,BANGKOK
679,ODESSA
680,RECIFE
681,NEMRUT BAY
682,REUNION ISLAND
683,CIENFUEGOS
684,SETE
685,HONFLEUR
686,POLA
687,ITAJAI
688,GEORGETOWN
689,PUERTO CABELLO
690,DUNKIRK
691,SANTA LUCIA
692,TIANJIN
693,PARANAGUA
694,LAZARO CARDENAS
695,MONTEVIDEO
696,CASTRIES
697,PIREO
698,ROSARIO
699,DALIAN
700,SARROCH
701,LAWE-LAWE
702,SAGUNTO
703,VITORIA
704,SUEZ
705,BRUNSBUTTEL
706,YMUIDEN
707,VISAKHAPATNAM
708,KAHULUI
709,SANTA CRUZ DE TENERIFE
710,HALDIA
711,TORRE ANNUNZIATA
712,KAKINADA
713,MONGSTAD
714,PENNINGTON
715,SABINE
716,LONGVIEW
717,SANTANDER
718,GIBILTERRA
719,SHUAIBA
720,BANIAS
721,SEPETIBA
722,FORT DE FRANCE
723,AMBURGO
724,SALVADOR
725,IQUIQUE
726,LA GUAIRA
727,RIO DE JANEIRO
728,PUERTO MONT
729,CAYENNE
730,MARSIGLIA
731,BAHIA BLANCA
732,SUVA
733,HAMBURG
734,SAN FERNANDO
735,SERIA
736,HILO
737,LYTTELTON
738,MATANZAS
739,PANAMA CANAL
740,NOVOROSSIYSK
741,AQABA
742,TENERIFE
743,AMSTERDAM
744,SENDAI
745,STORNOWAY
746,PORT KLANG
747,DJIBOUTI
748,IZMIR
749,ULSAN
750,NEW MANGALORE
751,TUBARAO
752,YOKOHAMA
753,ST. EUSTATIUS
754,MARACAIBO
755,THYSSEDAL
756,BANDAR KHOMEINI
757,LAEM CHABANG
758,KUANTAN
759,FUJAIRAH
760,FLUSHING
761,NUEVA PALMIRA
762,LAAYOUNE
763,AGADIR
764,NORFOLK
765,TURKU
766,FORT LAUDERDALE
767,SAN BENEDETTO DEL TRONTO
768,TELUK SEMANG
769,KANDLA
770,PORT OKHA
771,IGOUMENITSA
772,COCOS ISLAND
773,CASTELLON DE LA PLANA
774,SAFI
775,LA SALINA
776,COMODORO RIVADAVIA
777,ST. PETERSBURG
778,PUERTO LA CRUZ
779,LOOP TERMINAL U.S.A.
780,LAS PALMAS
781,MIRI
782,BALIKPAPAN
783,HUASCO
784,GEELONG
785,NIKISKI
786,PERANAGUA
787,ITEA
788,SAN VICENTE
789,HONG KONG
790,LA CORUNA
791,KEELUNG
792,NAGOYA
793,KEMAMAN
794,PORTO GRANDE
795,TEXAS
796,LEIXOES
797,ORINOCO RIVER
798,MOHAMMEDIA
799,BARLETTA
800,BOULOGNE
801,DARWIN
802,HAKODATE
803,WHANGAREI
804,BEIRA
805,SAN NICOLAS
806,MIZUSHIMA
807,OMISALJ
808,TURBO
809,KAWASAKI
810,CONSTANZA
811,RABAT
812,PANTELLERIA
813,ODUDU
814,VINAROZ
815,CHITTAGONG
816,HO CHI MINH
817,JEDDAH
818,BUENOS AIRES
819,TILBURY
820,PUERTO CORTES
821,ES SIDER
822,SHANGHAI
823,RAS TANURA
824,CALAIS
825,ONSAK
826,DAVAO
827,SINES
828,BARROW IS.
829,LA PLATA
830,RICHMOND
831,EL SEGUNDO
832,COCHIN
833,KETCHIKAN
834,ROSTOCK
835,SHEERNESS
836,LE HAVRE
837,HORTA
838,ISKENDERUN
839,ESCRAVOS
840,CAIRNS
841,MEDRYN
842,TAMPICO
843,RECALADA
844,TACOMA
845,OPORTO
846,FUNCHAL
847,BORDEAUX
848,FARO
849,HAMILTON
850,NIGERIA
851,JAMBI
852,NIKOLAEV
853,BRASS TERMINAL
854,PORT CRISTOBAL
855,PARAMARIBO
856,TERMOLI
857,GUAYMAS
858,JORF LASFAR
859,SURABAYA
860,ADELAIDE
861,VISAPOTNAM
862,PORT ILO
863,UMM QASR
864,RIO HAINA
865,MANAUS
866,PALAU
867,HAIFA
868,LORIENT
869,LIMASSOL
870,RAS RAYZUT
871,ESMERALDAS
872,YOSU
873,CILACAP
874,AUCKLAND
875,SUD AFRICA
876,VENEZUELA
877,NADOR
878,SPALATO
879,MATSUYAMA
880,UMM SAID
881,PUNTA DA MADEIRA
882,POHANG
883,PORTO CERVO
884,HULL
885,PERU'
886,ZAWIA
887,IMBITUBA
888,TRINCOMALEE
889,QUENFUQUENA
890,NETTUNO
891,MUKALLA
892,PONZA
893,SANTA MARTA
894,KWINANA
895,QUINTERO
896,FOYNES
897,PUNTA CARDON
898,NEWPORT
899,TARRAGONA
900,MASAWA
901,ANTOFAGASTA
902,DAMIETTA
903,DONGES
904,PORT CORTES
905,PORT MACEIO
906,PAJARITOS
907,PORTO VESME
908,PEMBROKE
909,QINGDAO
910,VIZAKAPATNAM
911,JEBEL ALI
912,VITTORIA
913,TAURANGA
914,COVENAS
915,SAINT CROIX
916,TAORMINA
917,ST JAMES
918,CAPE CUVIER
919,SAN PEDRO
920,KHOR FAKKAN
921,QABOOS
922,PUSAN
923,VIESTE
924,BARANQUILLA
925,DAKHLA
926,RIPOSTO
927,BREMERHAVEN
928,BANDAR ABBAS
929,KOPER
930,TRINIDAD
931,PUNTA ARENAS
932,SICILIA
933,PORT KAMSAR
934,KLAIPEDA
935,NINGBO
936,CANAKKALE
937,PORTO MARGHERA
938,MASSAWA
939,MASCUT
940,JUBAIL
941,PORT RASHID
942,BRISTOL
943,AGUILAS
944,ALCUDIA
945,AVILES
946,BERMEO
947,BURELA
948,PUERTO DE SANTA MARIA
949,CARBONERAS
950,CORUNNA
951,FERROL
952,GANDIA
953,IBIZA
954,MAHON
955,MARIN
956,PALAMOS
957,BREMEN
958,AMUAY BAY
959,GOA
960,RIO GRANDE
961,STENUNGSUND
962,MANZANILLO
963,HAKATA
964,GRANGEMOUTH
965,ZARATE
966,SPERLONGA
967,TORRE DEL GRECO
968,BUSAN
969,REYKJAVIK
970,SAN CARLOS
971,RODI
972,SOMALIA
973,SPAGNA
974,POTI
975,DELAWARE CITY
976,ROUEN
977,IMOLA
978,YOMBO
979,LOMBO
980,INDIA
981,BEIRUT
982,MILANO
983,TALLIN
984,BAYTOWN
985,ESSAOURIA
986,INDONESIA
987,SAO FRANCISCO DO SUL
988,RUBY TERMINAL
989,HUALIEN
990,LIBIA
991,QUA IBOE
992,PUERTO RICO
993,WEST AFRICA
994,MASAN
995,MERSIN
996,AKITA
997,BRAEFOOT BAY
998,SANTO DOMINGO
999,GALEOTA POINT
1000,HAVANA
1001,DOVER
1002,DURAZZO
1003,VALONA
1004,TUNISIA
1005,CAPE HENRY
1006,MALPENSA
1007,CARACAS
1008,BANYAS
1009,SI RACHA
1010,EUROPA
1011,BERBERA
1012,LATINA
1013,AZZORRE
1014,NANTONG
1015,DIEGO GARCIA
1016,HUANG-PU
1017,SANTA MARIA LEUCA
1018,PISA
1019,GROSSETO
1020,POINT LISAS
1021,PORTOPALO
1022,RAYONG
1023,LABUAN
1024,WELLINGTON
1025,OSP BRESCIA
1026,IN PESCA FINO AL 5/2/04
1027,ROMA OSP.GEMELLI
1028,SAN PEDRO
1029,ANGRA DOS REIS
1030,MOA
1031,MADEIRA
1032,GDANSK
1033,ISDEMIR
1034,SANTO TOMAS
1035,NEDERLAND
1036,COREA
1037,FRANCIA
1038,MAZATLAN
1039,TOWNSVILLE
1040,BOLOGNA
1041,SAN LORENZO
1042,EGYPT
1043,POZZALLO
1044,MINA SAUD
1045,THAMESPORT
1046,ITACOATIARA
1047,OKHA
1048,MAOMING
1049,INGHILTERRA
1050,QUINGUANGDAO
1051,MINDELO
1052,FALCONARA
1053,MAR NERO
1054,SAN ANTONIO
1055,CORK
1056,IJMUIDEN
1057,TURCHIA
1058,CAPRI
1059,RIVA DI TRAIANO
1060,SHIMOTSU
1061,ENDEAVOUR TERMINAL
1062,ESTONIA
1063,BASTIA
1064,HADERA
1065,DANIMARCA
1066,CAPO PASSERO
1067,GIOIA TAURO
1068,ESCOUMINS
1069,SW PASS
1070,COURACAO
1071,MALTA
1072,SAN NICOLAS
1073,ISOLE CANARIE
1074,MUMBAI
1075,BOMBAY
1076,KOBE
1077,UDDEVALLA
1078,COATZACOALCOS
1079,PUERTO ORDAZ
1080,ALTAMIRA
1081,ARGUINEGUIN
1082,BIRINGKASSI
1083,NAIROBI
1084,SRI LANKA
1085,AUSTRALIA
1086,PUERTO MORALES
1087,PORT KELANG
1088,DANZICA
1089,SAFAGA
1090,OMAN
1091,LAVERA
1092,ARABIA SAUDITA
1093,VIANA DO CASTELO
1094,LAMINARIA
1095,ARUBA
1096,ARGENTINA
1097,SIKKA
1098,LIANYUNGANG
1099,PORT QASIM
1100,VILA DO CONDE
1101,TAIWAN
1102,SETUBAL
1103,CAP LOPEZ
1104,ASHDOD
1105,KONAKRI
1106,NEW ZELAND
1107,KHORRAMSHAHR
1108,GUANTA
1109,CAMPANA
1110,VIZAG
1111,PORT ARRIETA
1112,BERGAMO
1113,MATSUURA
1114,LA PAMPILLA
1115,DELFZIJL
1116,PAVIA (OSP. S.MATTEI)
1117,CAPO VERDE
1118,BAHRAIN
1119,DUMAI
1120,PONTA DA MADEIRA
1121,PUERTO CALDERA
1122,KOREA
1123,MADAGASCAR
1124,PORT CANAVERAL
1125,NEWPORT NEWS
1126,RAS TANURAH
1127,GREENOCK
1128,TOKYO
1129,LAVAGNA
1130,SOUTH AFRICA
1131,ALANG
1132,CHAH BAHAR
1133,ANGOLA
1134,TARTOUS
1135,LOCRI
1136,TORINO
1137,SARDEGNA
1138,PORVOO
1139,MARIVELAS
1140,DAMPIERRA
1141,DESERTES
1142,MONTOIR
1143,MEXICO
1144,PADOVA
1145,BISCAGLIA
1146,VADINAR-LPO
1147,JOHANNESBURG
1148,KOALACK
1149,PORTO ROSARIO
1150,TUXPAN (MEXICO)
1151,GUEMA
1152,MAR GIAPPONE
1153,KOHSICHANG
1154,JABEL ALI
1155,MACEIO
1156,DORTYOL
1157,GIANNUTRI
1158,PORTO ERCOLE
1159,IRAN
1160,UBU
1161,PORTO S.STEFANO
1162,P.S.STEFANO
1163,CHENNAI
1164,CALLAO
1165,HOPING
1166,ILLA DE SAO VINCENTE
1167,YANGON
1168,ROMA
1169,MULDAWARKA
1170,TURBO COLUMBIA
1171,GUAYANILLA
1172,GUETEMALA
1173,OSAKA
1174,SAKAI
1175,COLUMBIA RIVER
1176,MAROCCO
1177,SHUIDONG
1178,TORRES STRAIT
1179,YANBU
1180,IRAQ
1181,REGGIO CAL.
1182,NECOCHEA
1183,PIPAVAV (INDIA)
1184,MATARANI
1185,AL JUBAIL
1186,GOLFO ARANCI
1187,PORTOEMPEDOCLE
1188,ENGLAND
1189,IRLANDA
1190,GREENORE
1191,FERDINANDO DI NORONA
1192,PHILIPPINE
1193,CEFALU'
1194,HEROYA
1195,THESSALONIKI
1196,GOLFO PERSICO
1197,BIK (IRAN)
1198,SWEDEN
1199,ESPERANCE
1200,PIRIE
1201,PORT GILES
1202,BEILUN
1203,BARBADOS
1204,VERACRUZ
1205,GAMBA TERMINAL
1206,GULF OF MEXICO
1207,S ANTIOCO
1208,PITCAIRN
1209,MALESIA
1210,SAPELE
1211,BURNSIDE
1212,BATAM
1213,TRAMANDAI
1214,FIRENZE
1215,STADE
1216,CHINA
1217,UJUNG PANDAND
1218,SALONICCO
1219,ASH SHIR
1220,CANNAKKALE-DARDINALS
1221,CHARLESTON
1222,ALGHERO
1223,URUGUAY
1224,ANCUD
1225,PASAJES
1226,MERIDA
1227,NANJING
1228,JAPAN
1229,URAGA
1230,VARNA
1231,POINTE-A-PITRE
1232,OLANDA
1233,OKINAWA
1234,NEW CASTLE
1235,IN PESCA GUINEA BISSAU
1236,ANTAN
1237,LONDRA
1238,NOUMEA
1239,AVIANO
1240,CAPO TEULADA
1241,GUINEA
1242,CIGADING
1243,ARATU
1244,ALBARELLA
1245,CHANGJIOING
1246,CANAPORT
1247,CRETA
1248,ABBOT POINT
1249,SCOZIA
1250,ANVERSA
1251,TEESPORT
1252,WALLAM
1253,PORT LA CRUZ
1254,BONAIRE
1255,MUNDRA
1256,VIBO VALENTIA
1257,CALCUTTA
1258,LAS VENTANAS
1259,GRESIK
1260,SIDNEY
1261,GABON
1262,KUNSAN
1263,ILO
1264,ZIET BAY
1265,SOUTHAMPTON
1266,ISRAELE
1267,NAVE POSACAVI
1268,KUSHIRO
1269,CABO DE GATA
1270,NAMPO
1271,MUNGUBA
1272,WHYALLA
1273,THAILANDIA
1274,CINA
1275,ST PETERSBURG
1276,KIMANIS
1277,PARMA
1278,STUBAL
1279,SLAGEN
1280,PORTSMOUTH
1281,USA
1282,POINTE TUPPER
1283,VADA (LIGURIA)
1284,BAMBIN GESU
1285,SARAWAK
1286,KARIMUN
1287,SALALAH
1288,DURRES
1289,MUHAMMAD BIN QASIM
1290,KALBUT SITUBONDO
1291,ISOAL DI VENTOTENE
1292,PORT BURY
1293,BLYTH
1294,GOLFO MESSICO
1295,MOZAMBICO
1296,KHARG ISLAND
1297,TEULADA
1298,TOLONE
1299,SAN REMO
1300,LUXOR
1301,NORD EUROPA
1302,FALMOUTH
1303,RABIGH BAY
1304,SIBARI
1305,GERALDTON
1306,KOCHIN
1307,SAINT EUSTATIUS
1308,COSTANZA
1309,LATTA
1310,LAUTOKA
1311,EMSTED
1312,SEPT ILES
1313,EUREKA
1314,MINA AL BAKR
1315,GIBUTI
1316,SOUTHEND
1317,E.LONDON
1318,ST GEORGE GRENADA
1319,DAMMAM
1320,BENETE
1321,SOUTH KOREA
1322,PORT CABELLO
1323,BOLIVAR
1324,ST ROSE
1325,SERGIPE
1326,COLOMBIA
1327,PETIT COURON
1328,ST. JOHAN
1329,ST JOHAN
1330,ARGENTARIO
1331,PUERTO DRUMMOND
1332,NON PREVISTO
1333,HAWAII
1334,HIKARI
1335,SHIMUZU
1336,HIBI
1337,ST NAZAR
1338,BRASILE
1339,BATANGAS
1340,STANVAC
1341,ULSHAVEN
1342,BELAWAN
1343,CORONEL
1344,BROFJORDEN
1345,PORT KIIRE
1346,NORD AUSTRALIA
1347,GAND
1348,SAIGON
1349,SAN VINCENTE
1350,PORT BLAIR
1351,GRAN CANARIE
1352,ZHUHAI
1353,CESABIK BAY
1354,MEJILLONES
1355,RASAHUOHEIR
1356,TAMPA BAY
1357,CANADA
1358,MAR BALTICO
1359,CEDROS
1360,SAN PAOLO
1361,EL FERROL
1362,NAKANOSEKI
1363,GUAIBA
1364,SHEKOU
1365,AJMAN
1366,VLADIVOSTOK
1367,MAUBAN
1368,CAMERUN
1369,SAN FRANCISCO DO SUL
1370,KIMITSU
1371,FINISTERRE
1372,TERMINI IMERESE
1373,BERGEN
1374,BERDYANSK
1375,SEMARANG
1376,BOA VISTA
1377,MOTRIL
1378,GUAM
1379,ELMAN
1380,BIOKO ISLAND
1381,MOSSEL BAY
1382,DUBLINO
1383,GIULIANOVA
1384,WENZHOU
1385,HACHINOHE
1386,TANJUNG SIKONENG
1387,ANCHORAGE
1388,SIVIGLIA
1389,LASHAN
1390,TOMOGASHIMA
1391,MESAIED
1392,COQUIMBO
1393,RIZHAO
1394,MUTSURE
1395,ILA DEL CARMEN
1396,PAPUA NEW GUINEA
1397,MUUGA
1398,SRIRACHA
1399,PORT KAISER
1400,AARDALSTANGEN
1401,SOUTH SABINE
1402,ENSENADA
1403,LARNACA
1404,MANGALORE
1405,CILE
1406,SALAVERRY
1407,AARHUS
1408,AARHUS
1409,MAURITIUS IS.
1410,PASIR GUDANG
1411,RAS AL KHAFJI
1412,CURACAO
1413,POINT A PITRE
1414,LARVIK
1415,WILHELMSHAVEN
1416,REDCAR (UK)
1417,HIROSHIMA
1418,CARAIBI
1419,QUINDAO
1420,PORT MELAKA
1421,ISOLA DI CAPRAIA
1422,DUBROVNIK
1423,JAMNAGAR
1424,STOCCOLMA
1425,PORT SHUIGONG
1426,LOMBOK BENOA
1427,IQUITOS
1428,EMIRATI ARABI
1429,TERRACINA
1430,SZCZECIN
1431,KHAWR FAKKAN
1432,JOSE
1433,UNITED KINGDOM
1434,MAR ROSSO
1435,SUDAN
1436,SOREL
1437,MARTINICA
1438,PORT KERTEH
1439,MARINA DI VODICE
1440,CABOT
1441,PORT LOME
1442,PORT OF MACAPA
1443,CAMPAGNA OCEANOGRAFICA
1444,PUERTO QUETZAL
1445,BROOME
1446,SIRIA
1447,SAGGONASEI
1448,MAGELLA STRAIT
1449,KERTEH
1450,KAGOSHIMA
1451,US GULF
1452,VILLAGARCIA
1453,BEIHAI
1454,TROPEA
1455,CALDERA
1456,FREDERICIA
1457,BHAVNAGAR
1458,MEIZHU
1459,MARIUPOL
1460,VITINO
1461,LINOSA
1462,XIAMEN
1463,PORT MORESBY
1464,AGIOI THEODOROI
1465,NEW HAVEN
1466,BAHAMAS
1467,VASTO
1468,PORTO ROTONDO
1469,HO PING
1470,YORKTOWN
1471,NEW PLYMOUTH
1472,PORT AU PRINCE
1473,PONTA UBU
1474,ZHANJIANG
1475,TERAMO
1476,VERONA
1477,ALGERI
1478,DUALA
1479,GIZAN
1480,ISLE OF MAN
1481,PORTSAID
1482,WEST
1483,PAGO PAGO
1484,YUZHNY
1485,PORT MAILIAO
1486,CHI LUNG
1487,QUATAR
1488,ENSTED (DANIMARCA)
1489,BAYUQUAN
1490,MUARA PANTAI
1491,PORSGRUNN
1492,DAESAN
1493,MAP TA PHUT
1494,TOYOHASHI (JAPAN)
1495,KUNAK
1496,CAYO ARCAS CASTELLON
1497,PLUMPER
1498,SHIBUSHI
1499,SANOC
1500,ARROC
1501,RIVERCLIDE
1502,ACAPULCO
1503,TRANMERE
1504,ANTONINA (VIC. PARANAGUA)
1505,SANTIAGO DEL CHILE
1506,MOIN
1507,NAVE RICERCA
1508,JEBEL DHANNA
1509,PORT GEROM
1510,SAN CIPRIAN
1511,PUNTA DELGADAS
1512,CAPE OF GOOD HOPE
1513,LUGO
1514,MADERO
1515,TOLEDO
1516,HUIZHOU
1517,PORT LAGOS
1518,PORT HUENEME
1519,S. SEBASTIAN LA GOMERA(CANARIE)
1520,SAN SEBASTIAN
1521,JUAYMAH
1522,TOBAGO
1523,LUCINDA
1524,SANDWICH
1525,ST CROIX
1526,TANZANIA
1527,SURINAME
1528,KAARSTOE
1529,TIN CAN IS.
1530,NELSON
1531,B I KHOMEINI
1532,BUSHEHER
1533,MOERDIJK
1534,GUYANA FRANCESE
1535,CEYHAN
1536,KALBA
1537,OSP CROTONE
1538,OSP NAPOLI
1539,BERMUDA
1540,NON COMUNICATO
1541,OSP SANTA MARIA GORETTI
1542,CAMDEN
1543,SANTIAGO DE CUBA
1544,GIORDANIA
1545,IN ATTESA ORDINI
1546,RAS ISA (YEMEN)
1547,BANJARMASIN
1548,TAICHUNG
1549,COLUMBIA
1550,DARDANELLI
1551,NEWARK
1552,LA VALLETTA
1553,SANK PETERSBURG
1554,san pietroburgo
1555,SAN PIETROBURGO
1556,SANTO TOMAS
1557,SAN JOSE
1558,NICOBAR
1559,PUERTO PLATA
1560,MOKPO (S.KOREA)
1561,EL PALITO
1562,NUEVITAS
1563,CALETA PATILLOS
1564,ST EUSTATIUS
1565,S EUSTACHIO
1566,KOKO
1567,FOS SUR MER
1568,ITALIA
1569,BUONAVENTURA
1570,BORNHOLM
1571,CIPRO
1572,NAKAGUSUKU
1573,MIAMI
1574,PORT OF KERCH
1575,COSTE OVEST CANADA
1576,PRIOLO
1577,MORMUGAO
1578,PORT ESQUIVEL
1579,BREST
1580,ZHANGZHU
1581,U.S. GULF
1582,KATAKOLON
1583,SARISEKI
1584,LIBANO
1585,KANDA
1586,FOR ORDERS
1587,CHANGSHU
1588,POINTE A PITRE
1589,YEMEN
1590,NAKHODKA
1591,NAMIKATA
1592,JUAN DE FUCA
1593,LANGKAWI
1594,HARWICH
1595,ZAFIRO TERMINAL
1596,BATUMPAR
1597,BUKPYUNG
1598,DATO RICHIESTO
1599,FANGHCHENG
1600,RIGA
1601,SULLOM VOE
1602,BOCA CHICA
1603,NAVHA SHEVA
1604,ILJICHEVSK
1605,BLANG LANCANG
1606,BRAKE
1607,RANG DONG
1608,GEDSER
1609,CABRERA
1610,MAJISHAN
1611,PORT WALCOTT
1612,FERNDALE
1613,BANDAR MAHSHAHR
1614,TEXAS CITY
1615,BULGARIA
1616,POINT COMFORT
1617,RIMINI
1618,ITAQUI
1619,PYOUNGTAEK
1620,HOLLAND
1621,P KEME
1622,PUNTA QUILLA
1623,KAVKAZ
1624,AFRICA
1625,THEODOSIA
1626,SAKAIMINATO
1627,DAWAO
1628,YINGKOU
1629,NHAVA SHEVA
1630,BEIJAIA
1631,KALIMANTAN
1632,YANTIAN
1633,IMARI
1634,OMAESAKI
1635,MICONOS
1636,B BLANCA
1637,NIIHAMA
1638,ACCIAROLI
1639,CASTELSARDO
1640,GUADALUPE
1641,CELTA
1642,SENEGAL
1643,PORTO FERRAIO
1644,VUNG TAU
1645,DAS ISLAND
1646,RAS AL KHAIMAH
1647,CADICE
1648,SAN GIORGIO DI NOGARA
1649,CUBA
1650,MINA AL FAHAL
1651,PUERTO MIRANDA
1652,QUAIBOE
1653,KUALA TANJUNG
1654,ST ANTONY
1655,VITYAZ
1656,PADANG
1657,COSTE ALGERIA
1658,VARANUS
1659,MYRTLE GROVE
1660,ISOLA PANAREA
1661,RABIGH
1662,GIAPPONE
1663,SOUTHPORT NC.
1664,KAMAMAR
1665,MAILIAO
1666,PORTO DRUMMOND
1667,WEIPA
1668,PUERTO ACEVEDO
1669,MONGLA
1670,KERCH (UKRAINA)
1671,TUNISI
1672,PRIMOSK
1673,KUITO TERMINAL
1674,PORT DE BOUC
1675,OTRANTO (PER MEDEVAC)
1676,KWANGYANG
1677,MUSQUAT
1678,COMSAR
1679,PACHI
1680,WESTERNPORT
1681,BARBERS POINT
1682,TEIGNMOUTH
1683,JAKHAU
1684,BALONGON
1685,IYOMISHIMA
1686,MELAKA
1687,LAE
1688,TERNEUZEN
1689,THREE RIVERS
1690,PORT DRUMOND
1691,ANTALYA
1692,KAKOGAWA
1693,VIETNAM
1694,ASALUYEH
1695,DALRYMPLE BAY
1696,ZHOUSHAN
1697,GUINEA BISSAU
1698,MACKAY
1699,PORT MANATEE
1700,ROCCELLA IONICA
1701,HUENEME (CALIF)
1702,TOKUYAMA
1703,KIIRE
1704,MALE
1705,KOSICHANG
1706,SHARJAH
1707,BALEARI
1708,TAEAN
1709,SANDHEADS
1710,BANDAR SHAMAR
1711,TAIZHOU
1712,TAORANGA
1713,GRECIA
1714,BISSAU
1715,FINLANDIA
1716,MILNER BAY
1717,BRIDGEPORT
1718,MERAUX
1719,HARCOURT
1720,MUSAIEE
1721,PASADENA
1722,COSTARICA
1723,IN PESCA LAMPEDUSA
1724,JAVA
1725,IN RADA ANVERSA
1726,PLOMIN
1727,SAO VINCENT ISL
1728,RAS SHUKHEIR
1729,PORT LINCOLN
1730,LA PALLICE
1731,DANG RONG
1732,RUWAIS
1733,WALCOTT
1734,YOKKAICHI
1735,NEW LONDON
1736,GROOTE EYLANDT
1737,RIVER PLATE
1738,MISSISSIPPI RIVER
1739,POINT TUPPER
1740,MILAKI
1741,KHAWAR AZ ZUBAYR
1742,MACAPA
1743,CAM
1744,TOMAKOMAI
1745,SPRING BAY
1746,PORT KWANGYANG
1747,HIBIKINADA
1748,PORTO ORDAZ
1749,LUZON
1750,PORTO CORTES
1751,RIJEKA
1752,BATAN
1753,DONDRA
1754,HEUNEME
1755,RIO DE LA PLATA
1756,TOGO
1757,PORTOGALLO
1758,HAZIRA
1759,MERAK
1760,JIANGYIN
1761,PUERTO ARMUELLES
1762,JIESHI
1763,KITIMAT
1764,POINT A PIERRE
1765,ZIRKU
1766,BORNEO
1767,CIAMPINO
1768,BAOSHAN
1769,GIRASSOL
1770,NIGG BAY
1771,ARABIAN GULF
1772,TIMARU
1773,CANALE DI SICILIA
1774,BANDAR ASALUYEH
1775,AL SHAEEN
1776,SAMARINDA
1777,AVEIRO
1778,YABUCOA (PORTORICO)
1779,BATUMI
1780,NOT KNOWN
1781,ALANYA
1782,CAGDIANAO
1783,SANTORINI
1784,MERETTIMO
1785,MARETTIMO
1786,COEGA
1787,UKU SHIMA
1788,SODEGAURA
1789,BINTULU
1790,HUNTERSTON
1791,VISBY
1792,BASHAYER
1793,BASRAH
1794,TANJUNG PELEPAS
1795,SAN SALVADOR
1796,IN POSIZIONE
1797,KENAI
1798,MAMONAL
1799,GUIABA ISLAND
1800,CERVIA
1801,KIATO
1802,BLACK SEA PORTS
1803,ALIAGA
1804,OSPEDALE BAMBIN GESU' ROMA
1805,TANIYAMA
1806,HOUNDPOINT
1807,WHITEGATE
1808,CHESTER
1809,MEXICAN GULF
1810,TROMBETAS
1811,BONTANG
1812,LAGUAIRA
1813,ELBA
1814,KINGDAO
1815,AMBES
1816,MAPTHAPUT
1817,TAMATAVE
1818,LOUISIANA
1819,PUERTO MOIN
1820,RAS MUSTAFA
1821,KORK
1822,PAVIA
1823,ANYER
1824,BREAU
1825,LA REUNION
1826,NORCO- NEW ORLEANS
1827,GEBZE
1828,UNYE
1829,NAGASAKI
1830,BIJELA
1831,IN PESCA
1832,CHIUSA
1833,MOJI (JAPAN)
1834,BATAAN
1835,GIAMAICA
1836,RINGASKIDDY
1837,TONGA (ISOLE)
1838,KVINESDAL
1839,STROMBOLI
1840,EUSTATIUS
1841,VILLA DO CONDE
1842,DOS BOCAS
1843,KANDALAKSHA
1844,USHUAIA
1845,ST LUCIA
1846,PAULSBORO
1847,IWAKUNI
1848,FREEMANTLE
1849,MELILLA
1850,SAN THOMAS
1851,NHA TRANG PORT
1852,HAIPHONG
1853,QUI NHON
1854,TUTUNCIFILIK
1855,NEW CALEDONIA
1856,YANTAI
1857,KUMUL
1858,LOME'
1859,FALKLAND IS
1860,RAS LAFFAN
1861,CHANGZHOU
1862,SHE KOU
1863,PASARES
1864,MAURITANIA
1865,CHIWAN
1866,EREGLI
1867,DARLYMPLE BAY
1868,HAMINA
1869,TUZLA
1870,MINA SAQR
1871,KELANG
1872,PITTSBURGH
1873,MURMANSK
1874,NOADHIBOU
1875,SIPSA (GEORGIA)
1876,SUPSA (GEORGIA)
1877,HEADLAND
1878,SUNDA STRAIT
1879,CANNES
1880,ZEIKU ISLAND
1881,LIMON
1882,ZEPHIRO TERMINAL
1883,XIKOMBA
1884,LATTAKIA
1885,XIANGANAG
1886,ADANG BAY
1887,XINGANG
1888,NAOSHIMA
1889,BRESCIA
1890,BOTANY BAY
1891,TABONEO
1892,EVERGLADES
1893,KEMPSEY
1894,CESME
1895,FLOTTA
1896,UBE
1897,SUMATERA
1898,IN RADA SUBARAYA
1899,CONGO
1900,BANDAR BUSHEHR
1901,CANARIE
1902,TAFT
1903,SAFADI
1904,MALAYSIA
1905,BARCARENA
1906,NORVEGIA
1907,ROBERTS BANK
1908,ST HELENA
1909,BANGLADESH
1910,SAN MARTIN
1911,ST MARTIN
1912,DAVISVILLE RHODE ISLAND
1913,YEOSU
1914,GIAKARTA
1915,FLORIDA
1916,HOMER
1917,PACAGOULA
1918,INNOSHIMA
1919,SANTO EUSTACHIOS
1920,KALININGRAD
1921,CORSICA
1922,RAOPING
1923,OLEN
1924,PALMAROLA
1925,DUNKERQUE
1926,LANSHAN
1927,BARREIRO
1928,PORT DAMPIER
1929,CHINDAO
1930,FALL RIVER
1931,UK
1932,PREVEZA
1933,MAIORCA
1934,CAMPHA
1935,SHARM
1936,ASSEMINI
1937,NEW JERSEY
1938,AL BASRAH
1939,TERMINAL
1940,PALEMBANG
1941,WAGSHINTON
1942,ZONGULDAK
1943,CARRARA
1944,TANTAWAN
1945,MARYLAND
1946,KOME KRIBI
1947,GENERAL SANTOS
1948,ALOTAU
1949,PENG LAI
1950,SAN VITO LO CAPO
1951,BUONOS AIRES
1952,BOURGAS
1953,CAYO ARCAS (MEX)
1954,IN PESCA
1955,TENNESEE
1956,TUGARU
1957,CAMPOS BASINI
1958,LUMUT
1959,MARIEL
1960,EMDEN
1961,TANGUARA
1962,RAFNES
1963,NEGISHI
1964,GDYNIA
1965,FUZHOU
1966,SALINA CRUZ
1967,PIONT
1968,HADONG
1969,ABU KAMMASH
1970,MINORCA
1971,KATAR
1972,SEOUL
1973,ALGARVE
1974,KORFAKKAN
1975,MALE
1976,FOSSA
1977,IRAGO
1978,BRAZIL
1979,IN RADA TERRAGONA
1980,AMAMAPARE
1981,KOBAY
1982,LA LIBERTAD
1983,ISHINOMAKI
1984,BALI
1985,PAITA
1986,EQUADOR
1987,SVEZIA
1988,TALARA
1989,IDKU
1990,TAICAN
1991,MA TA PHUT
1992,SANTA CRUZ
1993,FAWLEY
1994,SUBIC BAY
1995,WALLAROO
1996,SAINT MALO
1997,BENNIGTON
1998,POYA-NEW CALEDONIA
1999,JING TANG
2000,SAO LUIS
2001,BURGAS
2002,ASHKELON
2003,ANTIFER
2004,JOSE VENTURA
2005,OLONGAPO
2006,ERACLION
2007,PORT LISAS
2008,KANMON KO PILOT
2009,HAMRIYAH
2010,MARSA EL HARIGA
2011,AYIOS THEODHORI
2012,MELLITAH
2013,MALDIVE
2014,DNEPROBUGSKY
2015,CAPO DEGATE
2016,GALE
2017,STURE
2018,TEES
2019,MALITA
2020,CAPE LOPEZ
2021,SUNDERLAND
2022,ARDALSTANGEN
2023,PUERTO LIMON
2024,ZANDRIS
2025,DE KASTRI
2026,TALCHUANA
2027,ERHA
2028,TG PELEPAS
2029,NARVIK
2030,IRAKLION
2031,CAPODISTRIA
2032,AL AHMADI
2033,CARONTE
2034,ADALUYEH
2035,VANINO
2036,STOCKTON
2037,QUETZAL
2038,CORYTON
2039,SALOMONE IS.
2040,ALFRED
2041,ONSAN
2042,AKKRA
2043,SHARK
2044,LUHUASHAN
2045,MADDALENA
2046,PUNTA EUROPA
2047,KIZOMBA
2048,SAKAIDE
2049,NUNU'ALOFA
2050,KYNOSOURA
2051,KOLE/CAMERUN
2052,TERRAGONA
2053,TANURAH
2054,GOLFO DEL MESSICO
2055,DARROW
2056,TEHERAN
2057,SANTA PANAGIA
2058,SALEEF
2059,DAKENHAM
2060,PONTA VIERA
2061,PUERTO HIERO
2062,BARRAQUILLA
2063,BUNGA RAYA TERMINAL
2064,MARSA BASHAYER
2065,ILYCHEVSK
2066,OSCRAVOS
2067,LIRQUEN
2068,NAKATA
2069,BASSORA
2070,EMRYUK
2071,PORT ORDAZ
2072,SALEM
2073,TAHITI
2074,KAGOSHIMA
2075,PORT GALLE
2076,KALAMA
2077,ONAHAMA
2078,GHANA
2079,KAMAISHI
2080,HALDEN
2081,SHATLA
2082,SHATLAND
2083,BALTIC RANGE
2084,ST MARIA
2085,MINICOY IS.
2086,COVE
2087,GOVE
2088,AVONMOUTH
2089,HAYPOINT
2090,NACALA
2091,ASSALUYEH
2092,NATONG
2093,VILLANUEVA
2094,PORTO CASTIGLIONCELLO
2095,FUNABASHI
2096,BEILUN
2097,PORTBURY
2098,MAIZURU
2099,TOKACHI
2100,MO I RANA
2101,COSTA D'AVORIO
2102,PLOCE
2103,IN PORTO SUDAN
2104,FREDRIKSTAD
2105,ALGERIA
2106,SKIKKA
2107,KOCHI
2108,SUKHNA
2109,LA ROCHELLE
2110,UMAGO
2111,RAGUSA
2112,DAHEJ
2113,PATRASSO
2114,DAGENHAM
2115,ABERDEEN
2116,OSP REGINA MARGHERITA -TORINO
2117,SANTAN
2118,BENIN
2119,BAKAR
2120,YANGPU
2121,SCIANGAI
2122,NIIGATA
2123,PORT SOHAR
2124,KIRRE
2125,MEGANISI
2126,POINTNOIR
2127,TAILANDIA
2128,GARGANO
2129,MARQUISES IS.
2130,RABAUL
2131,KURE
2132,YOHO
2133,VYSOTSK
2134,HOKKAIDO
2135,OXELOSUND
2136,APAPA
2137,ST. JAMES
2138,SEYCHELLES ISL
2139,GONAGES
2140,DONAGES
2141,PORBANDAR
2142,UKRAINA
2143,MARSAXLOKK
2144,LAS MINAS
2145,QATAR
2146,ASCENSION ISLAND
2147,KAVASAKI
2148,SHERBRO
2149,MIDIA
2150,FINNART
2151,SHUWAIBA
2152,WILMINGTON
2153,GREATER PLUTONIO TEMINAL
2154,PORT DICKSON
2155,KIEL
2156,ASNAES
2157,IN RADA LAGOS
2158,PUERTO JOSE TERMINAL
2159,NORWAY
2160,KALAMAKI
2161,MANAKARA
2162,WAKE ISLAND
2163,COSSAK
2164,SANDAKAN
2165,NAMIBIA
2166,HURD BANK
2167,PORT ELEUSIS
2168,NORDMANSK
2169,TRITON TERMINAL
2170,BAYU UNDAN
2171,QALHAT
2172,WADI FEIRAN
2173,SUNDA
2174,COLON
2175,PEMANCINGAN
2176,NORONHA
2177,QINHUANGDAO
2178,KRUI
2179,TUI TERMINAL
2180,CARAMINAL
2181,KUDAMATSU
2182,LAS LAFFAN
2183,MARCHESI IS.
2184,GALAPAGOS
2185,POLICE
2186,DALHOUSIE
2187,WILLEMSTAD
2188,CHUAN
2189,CORIDON
2190,CABO VERDE
2191,CHORNOMORSK
2192,GLOMFJORD
2193,KARSTO
2194,MARMUGOA
2195,RAS SADAT
2196,YOKOSUKA
2197,LE VERDON
2198,AL ZUBAIR
2199,KERRY SIAM SEAPORT
2200,MALABO'
2201,OCOA BAY
2202,SAN TIAGO
2203,PANCANAL
2204,CAO FEI DIAN
2205,CEBRUM
2206,SERPENTINA
2207,CROATIA
2208,POMALAA
2209,SANT'ANTONIO ESTE
2210,
2211,MAHAJANGA OPL
2212,SABINE FAIRWAY
2213,ERITREA - 45 MIGLIA
2214,NAVEGANTES
2215,JOHOR BARHU
2216,SPORE
2217,KINGSTON
2218,HAY POINT
2219,ZHANGZHOU
2220,UMM AL QAIWAIN
2221,KOTA KINABALU
2222,SABAH MALAYSIA
2223,MACHONG
2224,PINANG
2225,ANPING
2226,KOREA
2227,PANAMA
2228,SALAAM
2229,KENYA
2230,LANZAROTE
2231,S'PORE
2232,PORT CHAMPA
2233,PORT ARTHUR
2234,PORT ALFRED
2235,FANGCHENG
2236,TONGHAE
2237,QUINGDAO
2238,VESTOCHNIY
2239,FIRENZE
2240,CEZI
2241,PORT SULTAN
2242,AWAITING ORDER
2243,CHIPIONA
2244,MORONI
2245,CLAYMONT
2246,AGBAMI
2247,KUMAI
2248,SURATTHANI
2249,NISOS ZAKYNTOSH
2250,BASHRA
2251,ZONA COMUN
2252,ANCORA
2253,SAN LOUIS
2254,DAVANT
2255,LOMBOK
2256,LOMBOK
2257,LOTUS
2258,CHENGXI
2259,USAN TERMINAL
2260,ESPADARTE
2261,CONCEPCION DE URUGUAY
2262,PORT NECHES
2263,JIZAN
2264,EL DEKHEILA
2265,TESSALONIKI
2266,TANJUNG BARA
2267,HIGASHI OHGISHIMA
2268,SHELL HAVEN
2269,BAIE DE PRONY
2270,PORT TANGIER
2271,YATSUSHIRO
2272,CINTA MARINE TERMINAL
2273,MEXICO GULF
2274,HASTINGS
2275,MAZZARA DEL VALLO
2276,DUQM
2277,HAMBANTOTA
2278,HOUND POINT
2279,RASTANNURA
2280,ISOLA DI MARITTIMO
2281,SHANTOU
2282,YALOVA
2283,GOTEBURG
2284,PRIMORSK
2285,COMARTY
2286,CROMARTY
2287,CAOFEIDIAN
2288,SOUTH HAMPTON
2289,NICE
2290,ZHAPU
2291,KARUMBA
2292,VISHAKAPHATNAM
2293,HAI PHONG
2294,SOHOR
2295,VOSTCHNY
2296,GIBRALTAR
2297,CORFU
2298,WSSINO
2299,NAKOHDKA
2300,GEMLIK
2301,CIWAGAN
2302,GRAN CANARIA
2303,KOTOR
2304,TANJUNG LANGSAT
2305,HURGHADA
2306,DIEGO SUAREZ
2307,RIZAO
2308,DONALDSONVILLE
2309,TOTORALILLO
2310,YUNG-AN
2311,PYEONGTAEK
2312,PONTA DO UBU
2313,DALYRMPLE
2314,PUTTALAM
2315,BIN QASIM
2316,TANGERI
2317,RAMALLO
2318,BULLEN BAY
2319,LUBUK GAUNG
2320,DELAWARE BAY
2321,LA
2322,PONTA DE MADEIRA
2323,MESAIEED
2324,TANJIN
2325,DERINCE
2326,SUNGAI UDANG
2327,MARTAS
2328,REYDARFJODUR
2329,COTE ST. CATHERINE
2330,SHANGAI
2331,KHALIFA
2332,CALETA CORDOVA
2333,BARBER'S POINT
2334,EAST AFRICA
2335,MAURA BERAU
2336,REUNION
2337,RASTANURA
2338,TONGYEONG
2339,LINATE
2340,MALILI
2341,QUINZHOU
2342,GREECE
2343,HONIARA
2344,PARADIP
2345,GHOTEMBURG
2346,VOSTOCHNY
2347,PARDIP
2348,KOH SI CHANG
2349,MALABO
2350,AMBARLI
2351,YANGTZE RIVER
2352,XINRONG
2353,TOAMASINA
2354,TANAH KUNING
2355,VIZAQ
2356,BARQUITO
2357,KHORFAKKAN
2358,ZALIV ALIVA
2359,HALUL IS.
2360,MAPTAPHUT
2361,ST CHARLES
2362,DAHANU
2363,VERA CRUZ
2364,MADANG
2365,NAPIER
2366,OKKE
2367,RIO GRANDE DO SUL
2368,KASIM
2369,KURNELL
2370,ECUADOR
2371,CHERBOURG
2372,TAMAN
2373,DAFENG
2374,MOSJOEN
2375,COMEAU
2376,SANTA MARGHERITA LIGURE
2377,HOLYROOD
2378,FLORES SEE
2379,ALGESIRAS (GIBRALTAR)
2380,KOH SICHANG
2381,PAZFLOR
2382,HSINTA
2383,KHOR AL ZUBAIR
2384,CHIRIQUI GRANDE
2385,MUNDRA (INDIA)
2386,TANJUN PEMANCINGAN
2387,ZHANGJIANG
2388,SHERBRO RIVER
2389,HUANGHUA
2390,NEW ZEALAND
2391,UUSIKAUPUNKI
2392,NAKHODA
2393,GO DAU
2394,KOREA DEL SUD
2395,LERWICK
2396,AOSHAN
2397,CEDROS ISLAND
2398,MUARA SATUI
2399,CANALE MANICA
2400,CANALE DELLA MANICA
2401,KARLSHAMM
2402,DONGJIAKOU
2403,LAVERDA
2404,NOSY BE
2405,NEWCASTLE
2406,BINTUNI
2407,BARACOA
2408,SILLAMAE
2409,TARIFA ISLAND
2410,SAN NICHOLAS
2411,ANTONINA
2412,SOUTH ATLANTIC FISHING GROUND
2413,SOUTH ATLANTIC FISH.GROUND
2414,SOUTH ATLANTIC GROUND
2415,TANJIUNG
2416,TJELDBERGODDEN
2417,TANJUNG BIN
2418,HELSINKI
2419,PUERTO LA PLATA
2420,TROGIR
2421,VESME
2422,ADIBJAN
2423,ILLICHIVSK
2424,ES SALAAM
2425,CAI LAN
2426,TOYAMA
2427,INCHEON
2428,OGISHIMA
2429,SEOGWIPO
2430,HAIPONG
2431,RELIANCE TERMINAL
2432,ROCKY POINT
2433,SLUISKIL
2434,VOPNAFJORDUR
2435,LETTONIA
2436,PORT LOBITO
2437,CAMDEN
2438,PORT MORSBEY
2439,GWANGYANG
2440,LAVRION
2441,BELLEDUNE
2442,NECHOCEA
2443,MORRO JABLE
2444,PUERTO GUARANAO
2445,JEBEL ALI (UAE)
2446,DONGGUAN
2447,SALVADOR DE BAHIA
2448,DA CHAN BAY
2449,SIN
2450,DONGHAE
2451,KRISHNAPATNAM
2452,MASINLOC
2453,CROAZIA
2454,DAR ES SALAAM
2455,ASHBURTON
2456,MANTA
2457,BAHÃA BLANCA
2458,GRAYS HARBOUR
2459,SANTAREM
2460,CAI MEP
2461,ABIDJAN
2462,SUAL
2463,FANG CHENG
2464,MARCUS HOOK
2465,TELUK RUBIAH
2466,FAZENDINHA
2467,PANJIN
2468,TARAHAN
2469,PIRAEUS
2470,POZOS COLORADOS
2471,CAMBOGIA
2472,TANGIER
2473,HEDLAND
2474,PROGRESO
2475,MORESBY
2476,CALABAR
2477,NINGDE
2478,CROFTON
2479,TAICANG
2480,RAS AL KHAIR
2481,HUEVA
2482,SHANGHAY
2483,LATVIA
2484,BODO
2485,POSSESSION BAY
2486,CHILE
2487,TURKISH STRAIT
2488,LAKSHADWEEP
2489,POINTE A PIERRE
2490,PORT DISCKSON
2491,POINT FORTIN
2492,PORT HEADLAND
2493,PHU MY
2494,S. MARIA DI LEUCA
2495,SEBUKU
2496,ERDEMIR
2497,PORI
2498,JERSEY CITY
2499,WANDELAAR
2500,PYONGTAEK
2501,PORTO BELO
2502,NOLA
2503,PORTO GARIBALDI
2504,PORT VENDRES
2505,XINSHA
2506,HIGASHI-HARIMA
2507,SEARSPORT
2508,OKKYE
2509,DUNEDIN
2510,ASEB
2511,GORE BAY
2512,COSTANTIA
2513,ETAME TERMINAL
2514,SABINE PASS
2515,LEMVIG
2516,EMPEDOCLE
2517,MATSUSHIMA
2518,WAKAYAMA
2519,MALDIVES
2520,GULLUK
2521,GULLUK
2522,NEUVA PALMIRA
2523,DENMARK
2524,MINA AL AHMADI
2525,HAMBLE-LE-RICE
2526,JAIGARH
2527,BIG STONE
2528,LAIZHOU
2529,MIIKE
2530,CHAGUARAMAS
2531,MARSDEN POINT
2532,LA
2533,NYNASHAMN
2534,FIJI
2535,BALTIJSK
2536,JINGJIANG
2537,AZORES IS.
2538,DJEN DJEN
2539,NON SPECIFICATO
2540,TUTUNCIFTLIK
2541,SLAVYNKA
2542,DUNKIRK_
2543,DUNKIRK
2544,MURMANKS
2545,MAGELLAN STRAIT
2546,PORT SALVADOR
2547,KOLKATA
2548,BURNS HARBOUR
2549,DORDRECHT
2550,LA PALOMA
2551,VERDAL
2552,BARRIOS
2553,MARZAMENI
2554,ANAPA
2555,OWENDO
2556,NIPA
2557,KENDAWANGAN
2558,MADE ISLAND
2559,LUSSINPICCOLO
2560,PORT FOURCHON
2561,PORTUGAL
2562,BARRANQUILLA
2563,ZHOUSHAN
2564,DONGYING
2565,PENGERANG
2566,MAGDALLA
2567,TALCAHUANO
2568,SOUTH SHETLAND IS.
2569,DILISKELESI
2570,CHESAPEAKE BAY
2571,GODAU
2572,GAOQIAO
2573,SCAPA FLOW
2574,NEW DELHI
2575,LONGKOU
2576,TENET
2577,YENIKOY
2578,MOLLENDO
2579,SAN PEDRO DE MACORIS
2580,PORT WELLER
2581,HOSAN
2582,GISBORNE
2583,LIUHENG
2584,LINGGI
2585,COME BY CHANCE
2586,MUANDA
2587,SEAFORTH
2588,TUMACO
2589,LONGONI
2590,DUBA
2591,MUARA BERAU
2592,MUKRAN
2593,PHUKET IS.
2594,NIPAH
